cid1,cid2,l1,l2
16,30,Canada,United States of America
211,191,Latvia,Estonia
17,30,Japan,United States of America
774,242,Guatemala,Belize
211,159,Latvia,Russia
16,34617,Canada,Saint Pierre and Miquelon
760,717,Saint Lucia,Venezuela
16,223,Canada,Greenland
96,774,Mexico,Guatemala
917,668,Bhutan,India
836,148,Myanmar,People's Republic of China
36,214,Poland,Slovakia
921,833,Brunei,Malaysia
917,8733,Bhutan,Qing dynasty
833,2223,Malaysia,Riau Islands
836,819,Myanmar,Laos
917,17269,Bhutan,Tibet
836,869,Myanmar,Thailand
17,159,Japan,Russia
17,148,Japan,People's Republic of China
252,691,Indonesia,Papua New Guinea
836,668,Myanmar,India
114,115,Kenya,Ethiopia
114,924,Kenya,Tanzania
211,184,Latvia,Belarus
774,96,Guatemala,Mexico
763,717,Saint Kitts and Nevis,Venezuela
836,902,Myanmar,Bangladesh
212,36,Ukraine,Poland
774,783,Guatemala,Honduras
836,1502,Myanmar,Mizoram
36,33946,Poland,Czechoslovakia
16,38610,Canada,Dominion of Newfoundland
774,792,Guatemala,El Salvador
924,114,Tanzania,Kenya
252,695,Indonesia,Palau
37,36,Lithuania,Poland
924,967,Tanzania,Burundi
252,833,Indonesia,Malaysia
114,1036,Kenya,Uganda
16,756617,Canada,Kingdom of Denmark
16,738395,Canada,Rupert's Land
212,184,Ukraine,Belarus
36,756617,Poland,Kingdom of Denmark
924,970,Tanzania,Comoros
17,884,Japan,South Korea
924,953,Tanzania,Zambia
924,1020,Tanzania,Malawi
36,15180,Poland,Soviet Union
252,869,Indonesia,Thailand
924,1029,Tanzania,Mozambique
37,184,Lithuania,Belarus
17,865,Japan,Taiwan
769,717,Grenada,Venezuela
212,28,Ukraine,Hungary
114,958,Kenya,South Sudan
16,1152445,Canada,Aerican Empire
16,2514958,Canada,Colony of British Columbia
924,974,Tanzania,Democratic Republic of the Congo
37,159,Lithuania,Russia
837,148,Nepal,People's Republic of China
17,15180,Japan,Soviet Union
37,211,Lithuania,Latvia
774,105375559,Guatemala,Western Zone of El Salvador
774,19464773,Guatemala,Northern America and Mexico
17,928,Japan,Philippines
37,7318,Lithuania,Nazi Germany
837,668,Nepal,India
783,774,Honduras,Guatemala
924,1037,Tanzania,Rwanda
924,1042,Tanzania,Seychelles
924,5505,Tanzania,Lake Nyanza
114,5505,Kenya,Lake Nyanza
837,17269,Nepal,Tibet
783,811,Honduras,Nicaragua
38,39,Italy,Switzerland
784,717,Dominica,Venezuela
252,881,Indonesia,Vietnam
837,7261660,Nepal,Purvanchal
786,790,Dominican Republic,Haiti
842,613,Oman,Emirate of Dubai
924,1036,Tanzania,Uganda
212,218,Ukraine,Romania
212,214,Ukraine,Slovakia
783,792,Honduras,El Salvador
114,7172,Kenya,Arab League
783,1005750,Honduras,La Unión
783,991400,Honduras,Puerto Barrios
114,1049,Kenya,Sudan
928,252,Philippines,Indonesia
38,142,Italy,France
928,17,Philippines,Japan
778,30,The Bahamas,United States of America
212,458,Ukraine,European Union
212,159,Ukraine,Russia
928,833,Philippines,Malaysia
17,28419012,Japan,Gad-Avia
258,1013,South Africa,Lesotho
842,805,Oman,Yemen
212,217,Ukraine,Moldova
783,1020130,Honduras,Los Amates
783,105374668,Honduras,Eastern Zone of El Salvador
114,1045,Kenya,Somalia
38,233,Italy,Malta
252,928,Indonesia,Philippines
28,40,Hungary,Austria
258,1050,South Africa,Eswatini
258,954,South Africa,Zimbabwe
115,958,Ethiopia,South Sudan
842,794,Oman,Iran
38,215,Italy,Slovenia
39,38,Switzerland,Italy
38,40,Italy,Austria
20,33,Norway,Finland
842,187712,Oman,Emirate of Abu Dhabi
842,878,Oman,United Arab Emirates
258,963,South Africa,Botswana
115,114,Ethiopia,Kenya
790,30,Haiti,United States of America
258,1029,South Africa,Mozambique
258,1030,South Africa,Namibia
115,986,Ethiopia,Eritrea
786,717,Dominican Republic,Venezuela
790,786,Haiti,Dominican Republic
843,668,Pakistan,India
842,851,Oman,Saudi Arabia
794,43,Iran,Turkey
38,237,Italy,Vatican City
28,212,Hungary,Ukraine
20,34,Norway,Sweden
262,29,Algeria,Spain
115,1045,Ethiopia,Somalia
792,774,El Salvador,Guatemala
786,1013066,Dominican Republic,Ouanaminthe
786,30,Dominican Republic,United States of America
851,794,Saudi Arabia,Iran
794,399,Iran,Armenia
38,36704,Italy,Yugoslavia
115,977,Ethiopia,Djibouti
28,214,Hungary,Slovakia
115,7172,Ethiopia,Arab League
851,805,Saudi Arabia,Yemen
794,227,Iran,Azerbaijan
843,794,Pakistan,Iran
843,8285348,Pakistan,Wakhan Corridor
38,238,Italy,San Marino
214,28,Slovakia,Hungary
38,13924,Italy,Adriatic Sea
27,26,Republic of Ireland,Northern Ireland
27,145,Republic of Ireland,United Kingdom
213,40,Czech Republic,Austria
213,36,Czech Republic,Poland
851,810,Saudi Arabia,Jordan
262,38,Algeria,Italy
929,657,Central African Republic,Chad
846,794,Qatar,Iran
843,889,Pakistan,Afghanistan
851,398,Saudi Arabia,Bahrain
20,159,Norway,Russia
842,464718,Oman,Najran Province
39,142,Switzerland,France
928,695,Philippines,Palau
792,783,El Salvador,Honduras
846,851,Qatar,Saudi Arabia
928,865,Philippines,Taiwan
843,148,Pakistan,People's Republic of China
794,817,Iran,Kuwait
851,796,Saudi Arabia,Iraq
39,183,Switzerland,Germany
39,40,Switzerland,Austria
142,31,France,Belgium
38,262,Italy,Algeria
851,817,Saudi Arabia,Kuwait
214,40,Slovakia,Austria
214,36,Slovakia,Poland
794,843,Iran,Pakistan
115,1049,Ethiopia,Sudan
262,1016,Algeria,Libya
20,458,Norway,European Union
794,398,Iran,Bahrain
794,796,Iran,Iraq
929,971,Central African Republic,Republic of the Congo
28,224,Hungary,Croatia
142,32,France,Luxembourg
39,347,Switzerland,Liechtenstein
851,842,Saudi Arabia,Oman
262,948,Algeria,Tunisia
929,958,Central African Republic,South Sudan
28,218,Hungary,Romania
262,912,Algeria,Mali
39,985,Switzerland,Baden-Württemberg
851,846,Saudi Arabia,Qatar
929,974,Central African Republic,Democratic Republic of the Congo
851,878,Saudi Arabia,United Arab Emirates
40,38,Austria,Italy
929,7172,Central African Republic,Arab League
39,28513,Switzerland,Austria-Hungary
214,213,Slovakia,Czech Republic
213,214,Czech Republic,Slovakia
794,874,Iran,Turkmenistan
794,842,Iran,Oman
929,1049,Central African Republic,Sudan
28,403,Hungary,Serbia
39,43287,Switzerland,German Empire
28,215,Hungary,Slovenia
39,458,Switzerland,European Union
794,846,Iran,Qatar
39,7318,Switzerland,Nazi Germany
929,1009,Central African Republic,Cameroon
262,1028,Algeria,Morocco
794,878,Iran,United Arab Emirates
40,28,Austria,Hungary
142,38,France,Italy
214,212,Slovakia,Ukraine
28,36704,Hungary,Yugoslavia
794,851,Iran,Saudi Arabia
262,1032,Algeria,Niger
794,15180,Iran,Soviet Union
39,176495,Switzerland,Federal State of Austria
31,32,Belgium,Luxembourg
142,29,France,Spain
39,518101,Switzerland,First Republic of Austria
142,155,France,Brazil
142,39,France,Switzerland
40,39,Austria,Switzerland
794,889,Iran,Afghanistan
39,713750,Switzerland,West Germany
142,228,France,Andorra
945,962,Togo,Benin
40,183,Austria,Germany
213,183,Czech Republic,Germany
28,184548,Hungary,Nitra Region
28,33946,Hungary,Czechoslovakia
794,131083,Iran,Nakhchivan Autonomous Republic
945,117,Togo,Ghana
794,7172,Iran,Arab League
262,1025,Algeria,Mauritania
39,131964,Switzerland,Austrian Empire
948,262,Tunisia,Algeria
265,232,Uzbekistan,Kazakhstan
298,419,Chile,Peru
20,35,Norway,Denmark
142,29999,France,Kingdom of the Netherlands
40,215,Austria,Slovenia
142,730,France,Suriname
945,965,Togo,Burkina Faso
298,414,Chile,Argentina
142,183,France,Germany
948,1016,Tunisia,Libya
117,965,Ghana,Burkina Faso
265,813,Uzbekistan,Kyrgyzstan
262,6250,Algeria,Western Sahara
863,148,Tajikistan,People's Republic of China
117,1008,Ghana,Ivory Coast
40,36704,Austria,Yugoslavia
954,258,Zimbabwe,South Africa
953,916,Zambia,Angola
953,924,Zambia,Tanzania
40,213,Austria,Czech Republic
40,214,Austria,Slovakia
29,45,Spain,Portugal
40,347,Austria,Liechtenstein
863,265,Tajikistan,Uzbekistan
863,813,Tajikistan,Kyrgyzstan
863,889,Tajikistan,Afghanistan
40,713750,Austria,West Germany
865,17,Taiwan,Japan
29,228,Spain,Andorra
40,1277557,Austria,Democratic Federal Yugoslavia
858,43,Syria,Turkey
800,811,Costa Rica,Nicaragua
20,756617,Norway,Kingdom of Denmark
20,223,Norway,Greenland
117,945,Ghana,Togo
792,2403612,El Salvador,Moyuta
792,2403493,El Salvador,Agua Blanca
792,1954363,El Salvador,Concepción Las Minas
142,235,France,Monaco
31,55,Belgium,Netherlands
30,96,United States of America,Mexico
30,16,United States of America,Canada
31,183,Belgium,Germany
31,142,Belgium,France
298,750,Chile,Bolivia
801,822,Israel,Lebanon
217,212,Moldova,Ukraine
40,33946,Austria,Czechoslovakia
40,853348,Austria,Czechoslovak Socialist Republic
145,27,United Kingdom,Republic of Ireland
794,23057402,Iran,Qumar
29,142,Spain,France
953,954,Zambia,Zimbabwe
865,928,Taiwan,Philippines
32,31,Luxembourg,Belgium
953,974,Zambia,Democratic Republic of the Congo
29,1028,Spain,Morocco
801,79,Israel,Egypt
863,8285348,Tajikistan,Wakhan Corridor
265,863,Uzbekistan,Tajikistan
794,163239,Iran,Balochistan
794,155542,Iran,Eastern Anatolia Region
954,963,Zimbabwe,Botswana
32,183,Luxembourg,Germany
31,29999,Belgium,Kingdom of the Netherlands
217,218,Moldova,Romania
801,810,Israel,Jordan
32,142,Luxembourg,France
953,1020,Zambia,Malawi
804,30,Panama,United States of America
219,41,Bulgaria,Greece
800,804,Costa Rica,Panama
40,83286,Austria,Socialist Federal Republic of Yugoslavia
29,262,Spain,Algeria
858,796,Syria,Iraq
954,1029,Zimbabwe,Mozambique
804,739,Panama,Colombia
215,28,Slovenia,Hungary
265,889,Uzbekistan,Afghanistan
953,963,Zambia,Botswana
265,874,Uzbekistan,Turkmenistan
347,39,Liechtenstein,Switzerland
954,953,Zimbabwe,Zambia
858,801,Syria,Israel
858,822,Syria,Lebanon
858,155552,Syria,Mediterranean Region
858,155638,Syria,Southeastern Anatolia Region
801,858,Israel,Syria
29,1410,Spain,Gibraltar
29,18678265,Spain,Occitania
29,953432,Spain,Couto Misto
953,1030,Zambia,Namibia
221,41,North Macedonia,Greece
810,796,Jordan,Iraq
215,38,Slovenia,Italy
854,668,Sri Lanka,India
953,1029,Zambia,Mozambique
221,222,North Macedonia,Albania
810,801,Jordan,Israel
398,851,Bahrain,Saudi Arabia
41,222,Greece,Albania
796,43,Iraq,Turkey
41,43,Greece,Turkey
347,40,Liechtenstein,Austria
858,810,Syria,Jordan
347,458,Liechtenstein,European Union
869,833,Thailand,Malaysia
869,252,Thailand,Indonesia
399,227,Armenia,Azerbaijan
221,219,North Macedonia,Bulgaria
398,794,Bahrain,Iran
215,40,Slovenia,Austria
796,794,Iraq,Iran
958,114,South Sudan,Kenya
958,115,South Sudan,Ethiopia
869,424,Thailand,Cambodia
804,800,Panama,Costa Rica
874,265,Turkmenistan,Uzbekistan
869,819,Thailand,Laos
41,219,Greece,Bulgaria
41,221,Greece,North Macedonia
41,13037412,Greece,Konispol municipality
41,1104675,Greece,Kardzhali Province
41,10780849,Greece,"Kolonjë, Korçë"
869,185944,Thailand,Kelantan
219,43,Bulgaria,Turkey
41,13037406,Greece,"Devoll, Korçë"
810,851,Jordan,Saudi Arabia
29,7172,Spain,Arab League
219,166,Bulgaria,Black Sea
215,224,Slovenia,Croatia
958,1036,South Sudan,Uganda
41,36704,Greece,Yugoslavia
221,403,North Macedonia,Serbia
796,858,Iraq,Syria
869,836,Thailand,Myanmar
810,36678,Jordan,West Bank
869,1054184,Thailand,Khmer Republic
958,929,South Sudan,Central African Republic
958,974,South Sudan,Democratic Republic of the Congo
221,1246,North Macedonia,Kosovo
874,232,Turkmenistan,Kazakhstan
810,858,Jordan,Syria
34,33,Sweden,Finland
796,810,Iraq,Jordan
869,188947,Thailand,Kedah
399,230,Armenia,Georgia
399,43,Armenia,Turkey
962,945,Benin,Togo
219,221,Bulgaria,North Macedonia
805,842,Yemen,Oman
805,851,Yemen,Saudi Arabia
219,218,Bulgaria,Romania
41,13037431,Greece,Përmet municipality
41,28036071,Greece,Finiq municipality
41,25378726,Greece,Dropull municipality
796,817,Iraq,Kuwait
221,458,North Macedonia,European Union
34,20,Sweden,Norway
796,851,Iraq,Saudi Arabia
869,188953,Thailand,Perak
869,330988,Thailand,Democratic Kampuchea
219,403,Bulgaria,Serbia
962,1033,Benin,Nigeria
796,155638,Iraq,Southeastern Anatolia Region
796,155542,Iraq,Eastern Anatolia Region
148,17,People's Republic of China,Japan
34,35,Sweden,Denmark
30,17,United States of America,Japan
148,423,People's Republic of China,North Korea
813,232,Kyrgyzstan,Kazakhstan
30,159,United States of America,Russia
222,403,Albania,Serbia
224,28,Croatia,Hungary
958,7172,South Sudan,Arab League
399,794,Armenia,Iran
962,1032,Benin,Niger
222,41,Albania,Greece
878,842,United Arab Emirates,Oman
813,265,Kyrgyzstan,Uzbekistan
148,668,People's Republic of China,India
218,219,Romania,Bulgaria
958,1049,South Sudan,Sudan
962,965,Benin,Burkina Faso
218,28,Romania,Hungary
878,794,United Arab Emirates,Iran
874,794,Turkmenistan,Iran
148,159,People's Republic of China,Russia
218,212,Romania,Ukraine
222,221,Albania,North Macedonia
874,889,Turkmenistan,Afghanistan
218,217,Romania,Moldova
963,258,Botswana,South Africa
878,851,United Arab Emirates,Saudi Arabia
817,794,Kuwait,Iran
813,863,Kyrgyzstan,Tajikistan
811,739,Nicaragua,Colombia
222,236,Albania,Montenegro
813,148,Kyrgyzstan,People's Republic of China
224,215,Croatia,Slovenia
963,953,Botswana,Zambia
222,458,Albania,European Union
30,241,United States of America,Cuba
218,403,Romania,Serbia
148,232,People's Republic of China,Kazakhstan
881,148,Vietnam,People's Republic of China
881,252,Vietnam,Indonesia
881,424,Vietnam,Cambodia
811,800,Nicaragua,Costa Rica
222,1246,Albania,Kosovo
36,159,Poland,Russia
963,954,Botswana,Zimbabwe
811,783,Nicaragua,Honduras
224,225,Croatia,Bosnia and Herzegovina
963,1030,Botswana,Namibia
43,219,Turkey,Bulgaria
148,836,People's Republic of China,Myanmar
36,37,Poland,Lithuania
43,41,Turkey,Greece
403,218,Serbia,Romania
965,912,Burkina Faso,Mali
43,227,Turkey,Azerbaijan
36,183,Poland,Germany
148,837,People's Republic of China,Nepal
817,796,Kuwait,Iraq
43,230,Turkey,Georgia
881,819,Vietnam,Laos
148,819,People's Republic of China,Laos
36,212,Poland,Ukraine
965,117,Burkina Faso,Ghana
408,252,Australia,Indonesia
148,889,People's Republic of China,Afghanistan
817,851,Kuwait,Saudi Arabia
801,229,Israel,Cyprus
889,633511,Afghanistan,Khatlon Province
30,678,United States of America,Tonga
30,702,United States of America,Federated States of Micronesia
224,19801186,Croatia,Liberland
43,796,Turkey,Iraq
148,813,People's Republic of China,Kyrgyzstan
43,458,Turkey,European Union
30,683,United States of America,Samoa
30,710,United States of America,Kiribati
965,1008,Burkina Faso,Ivory Coast
148,711,People's Republic of China,Mongolia
43,399,Turkey,Armenia
881,330988,Vietnam,Democratic Kampuchea
967,924,Burundi,Tanzania
403,28,Serbia,Hungary
965,945,Burkina Faso,Togo
403,221,Serbia,North Macedonia
148,863,People's Republic of China,Tajikistan
36,184,Poland,Belarus
224,403,Croatia,Serbia
224,236,Croatia,Montenegro
967,1037,Burundi,Rwanda
967,974,Burundi,Democratic Republic of the Congo
965,962,Burkina Faso,Benin
30,709,United States of America,Marshall Islands
30,717,United States of America,Venezuela
43,794,Turkey,Iran
30,786,United States of America,Dominican Republic
155,77,Brazil,Uruguay
403,236,Serbia,Montenegro
155,142,Brazil,France
36,213,Poland,Czech Republic
30,778,United States of America,The Bahamas
965,1032,Burkina Faso,Niger
884,17,South Korea,Japan
43,858,Turkey,Syria
403,458,Serbia,European Union
403,219,Serbia,Bulgaria
403,225,Serbia,Bosnia and Herzegovina
43,147909,Turkey,Kingdom of Bulgaria
148,881,People's Republic of China,Vietnam
403,222,Serbia,Albania
403,224,Serbia,Croatia
817,74091,Kuwait,Saudi–Kuwaiti Neutral Zone
414,77,Argentina,Uruguay
148,884,People's Republic of China,South Korea
30,790,United States of America,Haiti
30,79754,United States of America,Querétaro
403,1246,Serbia,Kosovo
43,7172,Turkey,Arab League
801,219060,Israel,State of Palestine
30,804,United States of America,Panama
414,298,Argentina,Chile
801,36678,Israel,West Bank
148,843,People's Republic of China,Pakistan
43,15180,Turkey,Soviet Union
43,131083,Turkey,Nakhchivan Autonomous Republic
801,7172,Israel,Arab League
155,414,Brazil,Argentina
414,733,Argentina,Paraguay
889,265,Afghanistan,Uzbekistan
833,252,Malaysia,Indonesia
408,574,Australia,East Timor
148,917,People's Republic of China,Bhutan
408,691,Australia,Papua New Guinea
414,155,Argentina,Brazil
889,794,Afghanistan,Iran
801,39760,Israel,Gaza Strip
30,34266,United States of America,Russian Empire
884,148,South Korea,People's Republic of China
833,334,Malaysia,Singapore
970,1029,Comoros,Mozambique
970,1019,Comoros,Madagascar
155,419,Brazil,Peru
155,717,Brazil,Venezuela
33,20,Finland,Norway
414,750,Argentina,Bolivia
889,843,Afghanistan,Pakistan
43,23681,Turkey,Turkish Republic of Northern Cyprus
833,921,Malaysia,Brunei
970,1042,Comoros,Seychelles
408,664,Australia,New Zealand
30,15180,United States of America,Soviet Union
30,1152445,United States of America,Aerican Empire
889,148,Afghanistan,People's Republic of China
805,464718,Yemen,Najran Province
833,869,Malaysia,Thailand
334,833,Singapore,Malaysia
419,155,Peru,Brazil
229,801,Cyprus,Israel
33,34,Finland,Sweden
884,423,South Korea,North Korea
30,248452,United States of America,British North America
30,81931,United States of America,Confederate States of America
970,17063,Comoros,Mayotte
155,730,Brazil,Suriname
833,928,Malaysia,Philippines
419,298,Peru,Chile
889,863,Afghanistan,Tajikistan
889,874,Afghanistan,Turkmenistan
889,15180,Afghanistan,Soviet Union
419,736,Peru,Ecuador
801,407199,Israel,Palestinian territories
902,668,Bangladesh,India
155,739,Brazil,Colombia
155,734,Brazil,Guyana
334,252,Singapore,Indonesia
229,37362,Cyprus,Akrotiri and Dhekelia
971,916,Republic of the Congo,Angola
228,29,Andorra,Spain
419,199821,Peru,Gran Colombia
419,750,Peru,Bolivia
889,163239,Afghanistan,Balochistan
912,262,Mali,Algeria
155,3769,Brazil,French Guiana
229,23681,Cyprus,Turkish Republic of Northern Cyprus
31,7318,Belgium,Nazi Germany
33,159,Finland,Russia
228,458,Andorra,European Union
77,155,Uruguay,Brazil
902,836,Bangladesh,Myanmar
971,1000,Republic of the Congo,Gabon
912,1006,Mali,Guinea
974,924,Democratic Republic of the Congo,Tanzania
971,974,Republic of the Congo,Democratic Republic of the Congo
912,1008,Mali,Ivory Coast
974,929,Democratic Republic of the Congo,Central African Republic
225,224,Bosnia and Herzegovina,Croatia
228,142,Andorra,France
974,916,Democratic Republic of the Congo,Angola
155,750,Brazil,Bolivia
79,851,Egypt,Saudi Arabia
974,958,Democratic Republic of the Congo,South Sudan
225,236,Bosnia and Herzegovina,Montenegro
225,458,Bosnia and Herzegovina,European Union
423,148,North Korea,People's Republic of China
155,733,Brazil,Paraguay
419,739,Peru,Colombia
916,974,Angola,Democratic Republic of the Congo
902,1502,Bangladesh,Mizoram
912,965,Mali,Burkina Faso
971,1009,Republic of the Congo,Cameroon
974,967,Democratic Republic of the Congo,Burundi
31,151938,Belgium,Neutral Moresnet
974,971,Democratic Republic of the Congo,Republic of the Congo
31,43287,Belgium,German Empire
971,929,Republic of the Congo,Central African Republic
77,107236912,Uruguay,Political geography of Argentina
225,403,Bosnia and Herzegovina,Serbia
912,7172,Mali,Arab League
423,15180,North Korea,Soviet Union
912,1032,Mali,Niger
916,953,Angola,Zambia
912,1025,Mali,Mauritania
819,148,Laos,People's Republic of China
912,1041,Mali,Senegal
974,1049,Democratic Republic of the Congo,Sudan
79,1049,Egypt,Sudan
227,43,Azerbaijan,Turkey
819,424,Laos,Cambodia
916,971,Angola,Republic of the Congo
77,414,Uruguay,Argentina
423,884,North Korea,South Korea
31,16987,Belgium,Nord-Pas-de-Calais
974,953,Democratic Republic of the Congo,Zambia
916,1030,Angola,Namibia
811,1189266,Nicaragua,Los Chiles Canton
917,148,Bhutan,People's Republic of China
45,29,Portugal,Spain
1000,1009,Gabon,Cameroon
916,1000,Angola,Gabon
974,1037,Democratic Republic of the Congo,Rwanda
974,1036,Democratic Republic of the Congo,Uganda
159,20,Russia,Norway
79,801,Egypt,Israel
423,159,North Korea,Russia
159,17,Russia,Japan
45,5739,Portugal,Castile and León
424,819,Cambodia,Laos
1000,1039,Gabon,São Tomé and Príncipe
79,105082407,Egypt,Kingdom of Africa
79,620634,Egypt,Bir Tawil
1000,983,Gabon,Equatorial Guinea
232,159,Kazakhstan,Russia
232,265,Kazakhstan,Uzbekistan
159,33,Russia,Finland
819,869,Laos,Thailand
983,1000,Equatorial Guinea,Gabon
96,30,Mexico,United States of America
79,1016,Egypt,Libya
45,12392198,Portugal,Ludeiros
45,20542115,Portugal,Ludeiros
227,159,Azerbaijan,Russia
159,30,Russia,United States of America
819,836,Laos,Myanmar
79,39760,Egypt,Gaza Strip
851,79,Saudi Arabia,Egypt
424,869,Cambodia,Thailand
977,115,Djibouti,Ethiopia
574,408,East Timor,Australia
159,148,Russia,People's Republic of China
227,399,Azerbaijan,Armenia
159,36,Russia,Poland
32,1201,Luxembourg,Saarland
232,874,Kazakhstan,Turkmenistan
977,34754,Djibouti,Somaliland
1005,1041,The Gambia,Senegal
819,881,Laos,Vietnam
232,148,Kazakhstan,People's Republic of China
32,8579,Luxembourg,Trier-Saarburg
1000,867597,Gabon,province of Equatorial Guinea
227,230,Azerbaijan,Georgia
695,252,Palau,Indonesia
96,242,Mexico,Belize
159,37,Russia,Lithuania
227,794,Azerbaijan,Iran
159,191,Russia,Estonia
96,93022,Mexico,Roma
574,252,East Timor,Indonesia
32,43287,Luxembourg,German Empire
32,1127,Luxembourg,Liège
32,1126,Luxembourg,Luxembourg
159,184,Russia,Belarus
424,881,Cambodia,Vietnam
983,1009,Equatorial Guinea,Cameroon
691,702,Papua New Guinea,Federated States of Micronesia
96,199821,Mexico,Gran Colombia
977,986,Djibouti,Eritrea
96,1005008,Mexico,"San Andrés, El Petén"
1006,912,Guinea,Mali
96,599455,Mexico,Melchor de Mencos
986,977,Eritrea,Djibouti
32,7318,Luxembourg,Nazi Germany
977,1045,Djibouti,Somalia
232,813,Kazakhstan,Kyrgyzstan
1006,1007,Guinea,Guinea-Bissau
986,1049,Eritrea,Sudan
986,7172,Eritrea,Arab League
986,115,Eritrea,Ethiopia
574,7768,East Timor,ASEAN
1006,1008,Guinea,Ivory Coast
32,18677983,Luxembourg,Grand Est
695,702,Palau,Federated States of Micronesia
159,211,Russia,Latvia
1006,1014,Guinea,Liberia
235,458,Monaco,European Union
983,1039,Equatorial Guinea,São Tomé and Príncipe
227,244165,Azerbaijan,Republic of Artsakh
159,230,Russia,Georgia
1006,1044,Guinea,Sierra Leone
822,801,Lebanon,Israel
1006,1041,Guinea,Senegal
1007,1006,Guinea-Bissau,Guinea
233,38,Malta,Italy
702,695,Federated States of Micronesia,Palau
235,142,Monaco,France
702,30,Federated States of Micronesia,United States of America
159,212,Russia,Ukraine
1007,1041,Guinea-Bissau,Senegal
822,858,Lebanon,Syria
159,423,Russia,North Korea
1008,117,Ivory Coast,Ghana
96,1112742,Mexico,Columbus
159,232,Russia,Kazakhstan
96,2390990,Mexico,Santa Cruz Barillas
96,2017699,Mexico,Northern America
96,2402405,Mexico,Santa Ana Huista
1008,912,Ivory Coast,Mali
159,711,Russia,Mongolia
32,22248793,Luxembourg,Lorraine
32,54821838,Luxembourg,saarVV zone 251
695,928,Palau,Philippines
236,224,Montenegro,Croatia
159,227,Russia,Azerbaijan
1000,916,Gabon,Angola
1008,965,Ivory Coast,Burkina Faso
236,222,Montenegro,Albania
159,23427,Russia,South Ossetia
1000,971,Gabon,Republic of the Congo
702,691,Federated States of Micronesia,Papua New Guinea
664,408,New Zealand,Australia
236,225,Montenegro,Bosnia and Herzegovina
657,929,Chad,Central African Republic
1008,1014,Ivory Coast,Liberia
1008,1006,Ivory Coast,Guinea
819,330988,Laos,Democratic Kampuchea
657,1032,Chad,Niger
657,1009,Chad,Cameroon
657,1016,Chad,Libya
159,16150196,Russia,Donetsk People's Republic
236,1246,Montenegro,Kosovo
1009,657,Cameroon,Chad
236,403,Montenegro,Serbia
159,16746854,Russia,Luhansk People's Republic
710,30,Kiribati,United States of America
33,15180,Finland,Soviet Union
657,1033,Chad,Nigeria
230,43,Georgia,Turkey
159,31354462,Russia,Republic of Abkhazia
1009,929,Cameroon,Central African Republic
833,2175,Malaysia,Riau
709,697,Marshall Islands,Nauru
1009,971,Cameroon,Republic of the Congo
709,702,Marshall Islands,Federated States of Micronesia
230,159,Georgia,Russia
230,227,Georgia,Azerbaijan
709,30,Marshall Islands,United States of America
34,172107,Sweden,Polish–Lithuanian Commonwealth
710,142,Kiribati,France
236,458,Montenegro,European Union
657,7172,Chad,Arab League
230,399,Georgia,Armenia
1014,1006,Liberia,Guinea
668,148,India,People's Republic of China
34,756617,Sweden,Kingdom of Denmark
657,1049,Chad,Sudan
238,38,San Marino,Italy
1009,983,Cameroon,Equatorial Guinea
1013,258,Lesotho,South Africa
1009,1000,Cameroon,Gabon
183,31,Germany,Belgium
1009,974,Cameroon,Democratic Republic of the Congo
1014,1008,Liberia,Ivory Coast
238,458,San Marino,European Union
34,211,Sweden,Latvia
668,252,India,Indonesia
183,36,Germany,Poland
1009,1033,Cameroon,Nigeria
1014,1044,Liberia,Sierra Leone
1009,867597,Cameroon,province of Equatorial Guinea
668,836,India,Myanmar
183,32,Germany,Luxembourg
242,774,Belize,Guatemala
1016,262,Libya,Algeria
709,710,Marshall Islands,Kiribati
1016,79,Libya,Egypt
183,35,Germany,Denmark
252,574,Indonesia,East Timor
1016,1032,Libya,Niger
183,142,Germany,France
668,902,India,Bangladesh
668,854,India,Sri Lanka
691,252,Papua New Guinea,Indonesia
252,334,Indonesia,Singapore
183,39,Germany,Switzerland
1019,970,Madagascar,Comoros
1016,657,Libya,Chad
668,917,India,Bhutan
1019,1042,Madagascar,Seychelles
183,40,Germany,Austria
668,837,India,Nepal
668,843,India,Pakistan
1019,17063,Madagascar,Mayotte
1016,1049,Libya,Sudan
1016,948,Libya,Tunisia
252,408,Indonesia,Australia
241,30,Cuba,United States of America
730,155,Suriname,Brazil
730,142,Suriname,France
183,55,Germany,Netherlands
711,148,Mongolia,People's Republic of China
685,142,Solomon Islands,France
691,408,Papua New Guinea,Australia
183,213,Germany,Czech Republic
730,734,Suriname,Guyana
711,159,Mongolia,Russia
211,34,Latvia,Sweden
1020,1029,Malawi,Mozambique
242,96,Belize,Mexico
730,458,Suriname,European Union
683,30,Samoa,United States of America
730,3769,Suriname,French Guiana
1025,262,Mauritania,Algeria
252,668,Indonesia,India
237,38,Vatican City,Italy
1020,924,Malawi,Tanzania
237,458,Vatican City,European Union
189,223,Iceland,Greenland
1025,912,Mauritania,Mali
1020,953,Malawi,Zambia
211,37,Latvia,Lithuania
1025,6250,Mauritania,Western Sahara
1025,1028,Mauritania,Morocco
1025,40362,Mauritania,Sahrawi Arab Democratic Republic
739,717,Colombia,Venezuela
184,36,Belarus,Poland
184,159,Belarus,Russia
685,691,Solomon Islands,Papua New Guinea
739,155,Colombia,Brazil
184,37,Belarus,Lithuania
1027,1042,Mauritius,Seychelles
1025,1041,Mauritania,Senegal
184,211,Belarus,Latvia
189,4628,Iceland,Faroe Islands
685,712,Solomon Islands,Fiji
717,30,Venezuela,United States of America
733,414,Paraguay,Argentina
685,408,Solomon Islands,Australia
750,155,Bolivia,Brazil
733,155,Paraguay,Brazil
739,419,Colombia,Peru
1025,13474305,Mauritania,Francoist Spain
717,142,Venezuela,France
733,750,Paraguay,Bolivia
1028,29,Morocco,Spain
739,736,Colombia,Ecuador
754,717,Trinidad and Tobago,Venezuela
717,739,Venezuela,Colombia
184,212,Belarus,Ukraine
734,155,Guyana,Brazil
750,414,Bolivia,Argentina
685,686,Solomon Islands,Vanuatu
717,145,Venezuela,United Kingdom
750,298,Bolivia,Chile
717,760,Venezuela,Saint Lucia
184,458,Belarus,European Union
739,811,Colombia,Nicaragua
1028,262,Morocco,Algeria
1028,6250,Morocco,Western Sahara
717,734,Venezuela,Guyana
736,739,Ecuador,Colombia
189,25231,Iceland,Svalbard
1028,40362,Morocco,Sahrawi Arab Democratic Republic
1028,458,Morocco,European Union
757,717,Saint Vincent and the Grenadines,Venezuela
717,754,Venezuela,Trinidad and Tobago
736,419,Ecuador,Peru
717,155,Venezuela,Brazil
191,159,Estonia,Russia
739,804,Colombia,Panama
717,757,Venezuela,Saint Vincent and the Grenadines
717,769,Venezuela,Grenada
750,419,Bolivia,Peru
1028,13474305,Morocco,Francoist Spain
717,763,Venezuela,Saint Kitts and Nevis
734,717,Guyana,Venezuela
717,786,Venezuela,Dominican Republic
750,733,Bolivia,Paraguay
1029,258,Mozambique,South Africa
734,730,Guyana,Suriname
717,29999,Venezuela,Kingdom of the Netherlands
678,30,Tonga,United States of America
1029,953,Mozambique,Zambia
1029,924,Mozambique,Tanzania
717,784,Venezuela,Dominica
1029,954,Mozambique,Zimbabwe
191,211,Estonia,Latvia
1030,258,Namibia,South Africa
1030,916,Namibia,Angola
1029,970,Mozambique,Comoros
1029,1019,Mozambique,Madagascar
1032,262,Niger,Algeria
1030,953,Namibia,Zambia
1029,1050,Mozambique,Eswatini
1029,1020,Mozambique,Malawi
1030,963,Namibia,Botswana
1032,657,Niger,Chad
1032,912,Niger,Mali
1032,962,Niger,Benin
1032,965,Niger,Burkina Faso
1032,1033,Niger,Nigeria
1032,1016,Niger,Libya
1033,962,Nigeria,Benin
1033,657,Nigeria,Chad
1032,7172,Niger,Arab League
1033,1009,Nigeria,Cameroon
865,148,Taiwan,People's Republic of China
1033,1032,Nigeria,Niger
1033,1039,Nigeria,São Tomé and Príncipe
1033,81810310,Nigeria,Numbani
1036,114,Uganda,Kenya
1036,924,Uganda,Tanzania
1036,974,Uganda,Democratic Republic of the Congo
1036,958,Uganda,South Sudan
1036,1037,Uganda,Rwanda
1036,1049,Uganda,Sudan
1037,924,Rwanda,Tanzania
1036,5505,Uganda,Lake Nyanza
1037,967,Rwanda,Burundi
1037,974,Rwanda,Democratic Republic of the Congo
1037,1036,Rwanda,Uganda
1039,1000,São Tomé and Príncipe,Gabon
1039,1033,São Tomé and Príncipe,Nigeria
1041,912,Senegal,Mali
1041,1005,Senegal,The Gambia
1041,1007,Senegal,Guinea-Bissau
1041,1006,Senegal,Guinea
1041,1025,Senegal,Mauritania
115,34754,Ethiopia,Somaliland
142,685,France,Solomon Islands
115,848864,Ethiopia,Sool
115,927467,Ethiopia,Galmudug
142,717,France,Venezuela
142,710,France,Kiribati
142,970,France,Comoros
142,1019,France,Madagascar
142,25227,France,Netherlands Antilles
142,1042,France,Seychelles
142,13116,France,Benelux
142,713750,France,West Germany
142,153943,France,Kingdom of Westphalia
142,43287,France,German Empire
145,717,United Kingdom,Venezuela
145,756617,United Kingdom,Kingdom of Denmark
145,23681,United Kingdom,Turkish Republic of Northern Cyprus
148,865,People's Republic of China,Taiwan
148,3037,People's Republic of China,Kathmandu
148,15180,People's Republic of China,Soviet Union
970,142,Comoros,France
148,182902,People's Republic of China,Chita Oblast
148,8285348,People's Republic of China,Wakhan Corridor
148,212056,People's Republic of China,Mongolian People's Republic
970,924,Comoros,Tanzania
155,458,Brazil,European Union
155,199821,Brazil,Gran Colombia
155,107236912,Brazil,Political geography of Argentina
974,1009,Democratic Republic of the Congo,Cameroon
159,458,Russia,European Union
159,38893,Russia,Racha-Lechkhumi and Kvemo Svaneti
159,210036,Russia,Chechen Republic of Ichkeria
159,1037393,Russia,Hokkaido
183,13116,Germany,Benelux
183,29999,Germany,Kingdom of the Netherlands
1019,142,Madagascar,France
183,756617,Germany,Kingdom of Denmark
1019,1029,Madagascar,Mozambique
184,38187789,Belarus,Veyshnoria
183,716072,Germany,Zgorzelec County
183,310293,Germany,Saar Protectorate
183,33946,Germany,Czechoslovakia
189,756617,Iceland,Kingdom of Denmark
1028,1025,Morocco,Mauritania
212,33946,Ukraine,Czechoslovakia
212,16150196,Ukraine,Donetsk People's Republic
212,16746854,Ukraine,Luhansk People's Republic
212,1422856,Ukraine,Krosno Voivodeship
212,907112,Ukraine,Transnistria
213,257454,Czech Republic,Mistelbach District
213,716072,Czech Republic,Zgorzelec County
213,694442,Czech Republic,Gänserndorf District
213,637226,Czech Republic,Kamienna Góra County
213,637018,Czech Republic,Karkonosze County
213,694349,Czech Republic,Hollabrunn District
214,1422856,Slovakia,Krosno Voivodeship
214,694442,Slovakia,Gänserndorf District
1039,983,São Tomé and Príncipe,Equatorial Guinea
217,907112,Moldova,Transnistria
217,458,Moldova,European Union
217,1151006,Moldova,Podilsk Raion
1041,7172,Senegal,Arab League
1042,142,Seychelles,France
1042,970,Seychelles,Comoros
1042,924,Seychelles,Tanzania
218,33946,Romania,Czechoslovakia
1042,1027,Seychelles,Mauritius
1042,1019,Seychelles,Madagascar
218,37024,Romania,Serbia and Montenegro
1044,1006,Sierra Leone,Guinea
218,15180,Romania,Soviet Union
1044,1014,Sierra Leone,Liberia
218,36704,Romania,Yugoslavia
1045,114,Somalia,Kenya
1045,115,Somalia,Ethiopia
218,83286,Romania,Socialist Federal Republic of Yugoslavia
1049,114,Sudan,Kenya
1049,79,Sudan,Egypt
1049,115,Sudan,Ethiopia
1045,977,Somalia,Djibouti
1049,929,Sudan,Central African Republic
1049,657,Sudan,Chad
1049,958,Sudan,South Sudan
219,15180,Bulgaria,Soviet Union
219,36704,Bulgaria,Yugoslavia
219,155583,Bulgaria,Marmara Region
1049,974,Sudan,Democratic Republic of the Congo
1050,1029,Eswatini,Mozambique
1050,258,Eswatini,South Africa
1049,1016,Sudan,Libya
1049,986,Sudan,Eritrea
29999,142,Kingdom of the Netherlands,France
221,248378,North Macedonia,Kaçanik
221,1574188,North Macedonia,Elez Han
221,392505,North Macedonia,Štrpce
1049,1036,Sudan,Uganda
29999,31,Kingdom of the Netherlands,Belgium
29999,183,Kingdom of the Netherlands,Germany
219060,801,State of Palestine,Israel
756617,20,Kingdom of Denmark,Norway
1049,620634,Sudan,Bir Tawil
29999,717,Kingdom of the Netherlands,Venezuela
1041,7735661,Senegal,Commonwealth realm of the Gambia
756617,16,Kingdom of Denmark,Canada
756617,34,Kingdom of Denmark,Sweden
756617,145,Kingdom of Denmark,United Kingdom
29999,151938,Kingdom of the Netherlands,Neutral Moresnet
756617,36,Kingdom of Denmark,Poland
756617,183,Kingdom of Denmark,Germany
756617,189,Kingdom of Denmark,Iceland
756617,458,Kingdom of Denmark,European Union
1045,848864,Somalia,Sool
1045,34754,Somalia,Somaliland
1049,105082407,Sudan,Kingdom of Africa
221,13037427,North Macedonia,Dibër Municipality
221,13037417,North Macedonia,Kukës municipality
221,13037422,North Macedonia,Librazhd municipality
222,36704,Albania,Yugoslavia
224,73330139,Croatia,Verdis
227,155542,Azerbaijan,Eastern Anatolia Region
225,58253,Bosnia and Herzegovina,Split-Dalmatia County
228,12787,Andorra,Cerdanya
228,5705,Andorra,Catalonia
228,18678265,Andorra,Occitania
230,155533,Georgia,Black Sea Region
230,5237,Georgia,Republic of North Ossetia-Alania
230,31354462,Georgia,Republic of Abkhazia
230,155542,Georgia,Eastern Anatolia Region
230,210036,Georgia,Chechen Republic of Ichkeria
235,273964,Monaco,Beausoleil
235,220668,Monaco,Roquebrune-Cap-Martin
236,16350146,Montenegro,Shkodër municipality
237,893556,Vatican City,Borgo
237,1666696,Vatican City,Prati
237,3539462,Vatican City,Trionfale
237,2871867,Vatican City,Aurelio
242,599455,Belize,Melchor de Mencos
242,989812,Belize,Dolores
242,19464773,Belize,Northern America and Mexico
262,40362,Algeria,Sahrawi Arab Democratic Republic
265,633511,Uzbekistan,Khatlon Province
298,107236912,Chile,Political geography of Argentina
334,523435,Singapore,United States of Indonesia
334,183032,Singapore,Johor
334,2223,Singapore,Riau Islands
347,28513,Liechtenstein,Austria-Hungary
347,131964,Liechtenstein,Austrian Empire
347,38981,Liechtenstein,Vorarlberg
347,176495,Liechtenstein,Federal State of Austria
347,518101,Liechtenstein,First Republic of Austria
399,155542,Armenia,Eastern Anatolia Region
399,131083,Armenia,Nakhchivan Autonomous Republic
399,244165,Armenia,Republic of Artsakh
399,201557,Armenia,Karki
403,73330139,Serbia,Verdis
403,5062818,Serbia,Foeni
403,19801186,Serbia,Liberland
403,860399,Serbia,Podujevo Municipality
403,650866,Serbia,Cruceni
403,171150,Serbia,Kingdom of Hungary
408,685,Australia,Solomon Islands
408,1152445,Australia,Aerican Empire
424,878276,Cambodia,Later Lê Dynasty
574,5093,East Timor,Maluku
574,14133,East Timor,Belu
664,1152445,New Zealand,Aerican Empire
668,3037,India,Kathmandu
686,685,Vanuatu,Solomon Islands
691,685,Papua New Guinea,Solomon Islands
668,4478,India,Punjab
697,709,Nauru,Marshall Islands
702,709,Federated States of Micronesia,Marshall Islands
702,16635,Federated States of Micronesia,Guam
710,709,Kiribati,Marshall Islands
711,182902,Mongolia,Chita Oblast
712,685,Fiji,Solomon Islands
717,1647045,Venezuela,Pacaraima
733,107236912,Paraguay,Political geography of Argentina
734,1750038,Guyana,Normandia
750,107236912,Bolivia,Political geography of Argentina
